<?xml version="1.0" encoding="UTF-8"?>
<project-private xmlns="http://www.netbeans.org/ns/project-private/1">
    <editor-bookmarks xmlns="http://www.netbeans.org/ns/editor-bookmarks/2" lastBookmarkId="0"/>
    <open-files xmlns="http://www.netbeans.org/ns/projectui-open-files/2">
        <group>
            <file>file:/C:/Users/HP/OneDrive/Documents/NetBeansProjects/TymzyLevel1/src/tymzylevel1/TymzyLevel1.java</file>
            <file>file:/C:/Users/HP/OneDrive/Documents/NetBeansProjects/TymzyLevel1/src/DBHelper.java</file>
            <file>file:/C:/Users/HP/OneDrive/Documents/NetBeansProjects/TymzyLevel1/src/MainUI.java</file>
            <file>file:/C:/Users/HP/OneDrive/Documents/NetBeansProjects/TymzyLevel1/src/HomePage.java</file>
        </group>
    </open-files>
</project-private>
